{
  "position": [
    15.063844637592155, 51.045695529484036, -111.74999999999997,

    96.72970991769044, 1.9056715491400382, -111.74999999999997
  ],
  "orientation": [
    1,
    0,
    0,
    0,
    0,
    0.9870474934577942,
    0.16042834520339966,
    0,
    0,
    0.16042834520339966,
    -0.9870474934577942,
    0,
    0,
    0,
    0,
    1,
    1,
    0,
    0,
    0,
    0,
    0.9985343813896179,
    0.05412080138921738,
    0,
    0,
    0.05412080138921738,
    -0.9985343813896179,
    0,
    0,
    0,
    0,
    1
  ]
}